Año,Programa SDA,Código de proyecto,Proyecto,Dominio,Plan estratégico local,Country Priority,Tipología,Estado de Proyecto,Desarrollo de SW,Cumplio con entregables,Presupuesto (soles),Complejidad técnica inicial,Dependencias pendientes,Número de dependencias pendientes,Fecha de inicio de ejecución,Fecha fin de ejecución,Fecha pase a producción,Fecha En manos del cliente,Time to market (días),Excepción del cálculo
2025,Risk Processes Transformation,SDA-65412,Risk Data Transformación Perú,RIC,Renovación Tecnológica,Sí,Secuencial,Finalizado,Sí,Entrega completa,3771500,Alta,Sí,10,24/02/2023,20/08/2025,01/09/2025,12/09/2025,931,No
2025,NGA & Differential Analytics,SDA-10398,Modelo de Scoring para Pymes,ENG,Impulso Digital Perú 2025,Sí,Iterativo/Incremental,Ongoing,Sí,Pendiente a entrega,1389500,Media,Sí,4,20/01/2025,,,,,
2024,Core Banking Modernization,SDA-44734,Renovación de Plataforma de Préstamos,RIC,Renovación Tecnológica,Sí,Secuencial,Finalizado,Sí,Entrega completa,7146000,Alta,Sí,9,07/03/2022,24/05/2024,03/06/2024,13/06/2024,828,No
2025,Digital Payments Evolution,SDA-70415,Pagos Transfronterizos para Pymes,CIB,Impulso Digital Perú 2025,No,Iterativo/Incremental,Ongoing,Sí,Pendiente a entrega,1508600,Media,Sí,6,10/03/2025,,,,,
2025,Client Solutions & Digital Channels,SDA-75809,Personalización de Ofertas en App,CCS,Foco en Captación 2025,Sí,Iterativo/Incremental,Ongoing,Sí,Pendiente a entrega,1270400,Media,Sí,8,03/02/2025,,,,,
2025,Advanced Analytics & AI Models,SDA-71939,Detección de Anomalías en Transacciones,RIC,Impulso Digital Perú 2025,Sí,Iterativo/Incremental,Ongoing,Sí,Pendiente a entrega,1667400,Alta,Sí,5,24/02/2025,,,,,
2025,Data Governance Initiative,SDA-74737,Maestro de Clientes Único,ENG,Eficiencia y Sostenibilidad,Sí,Secuencial,Ongoing,Sí,Pendiente a entrega,3374500,Alta,Sí,1,13/01/2025,,,,,
2025,Risk Processes Transformation,SDA-73647,Modelo de Riesgo Climático,RIC,Eficiencia y Sostenibilidad,No,Secuencial,Ongoing,Sí,Pendiente a entrega,1905600,Alta,Sí,4,17/02/2025,,,,,
2025,Client Solutions & Digital Channels,SDA-78757,Onboarding para Empresas 100% Digital,CIB,Foco en Captación 2025,Sí,Iterativo/Incremental,Ongoing,Sí,Pendiente a entrega,2183500,Media,Sí,4,06/01/2025,,,,,
2025,Sustaninability TBBs,SDA-77667,Calculadora de Huella de Carbono para Clientes,CCS,Eficiencia y Sostenibilidad,No,Iterativo/Incremental,Ongoing,Sí,Pendiente a entrega,873400,Baja,Sí,2,27/01/2025,,,,,
2025,Global Markets Platform,SDA-76577,Análisis de Riesgo de Crédito en Tiempo Real,RIC,Impulso Digital Perú 2025,Sí,Secuencial,Ongoing,Sí,Pendiente a entrega,3771500,Alta,Sí,3,20/01/2025,,,,,
2025,NFR Management Infraestructure,SDA-72487,Actualización de Firewall Perimetral,GRM,Renovación Tecnológica,Sí,Secuencial,Ongoing,No,Pendiente a entrega,2382000,Media,Sí,2,03/03/2025,,,,,
2025,Core Banking Modernization,SDA-71397,API Gateway para Conexión con Fintechs,ENG,Impulso Digital Perú 2025,Sí,Secuencial,Ongoing,Sí,Pendiente a entrega,2977500,Alta,Sí,8,10/02/2025,,,,,
2025,Digital Payments Evolution,SDA-70216,Pagos sin Contacto (Contactless) en Transporte,CCS,Foco en Captación 2025,No,Iterativo/Incremental,Ongoing,Sí,Pendiente a entrega,1588000,Media,Sí,2,06/01/2025,,,,,
2025,Client Solutions & Digital Channels,SDA-79327,Plataforma de Educación Financiera,T&C,Crecimiento en Banca Empresas,No,Iterativo/Incremental,Ongoing,No,Pendiente a entrega,714600,Baja,Sí,1,03/02/2025,,,,,
2025,Core Banking Modernization,SDA-78127,Sistema de Conciliación Bancaria Automática,FIN,Eficiencia y Sostenibilidad,No,Secuencial,Ongoing,Sí,Pendiente a entrega,1905600,Media,Sí,5,24/03/2025,,,,,
2025,NGA & Differential Analytics,SDA-77237,Motor de Personalización Web,ENG,Impulso Digital Perú 2025,Sí,Iterativo/Incremental,Ongoing,Sí,Pendiente a entrega,1667400,Media,Sí,8,03/02/2025,,,,,
2025,Data Governance Initiative,SDA-74946,Cuadro de Mando de Calidad de Datos,ENG,Eficiencia y Sostenibilidad,No,Secuencial,Ongoing,Sí,Pendiente a entrega,1032200,Media,Sí,6,27/01/2025,,,,,
2025,Advanced Analytics & AI Models,SDA-73156,Procesamiento de Lenguaje Natural para Correos,T&C,Eficiencia y Sostenibilidad,No,Iterativo/Incremental,Ongoing,Sí,Pendiente a entrega,1310100,Media,Sí,5,24/02/2025,,,,,
2025,Cybersecurity Framework,SDA-72065,Programa de Gestión de Vulnerabilidades,GRM,Renovación Tecnológica,Sí,Secuencial,Ongoing,Sí,Pendiente a entrega,1786500,Media,Sí,5,03/03/2025,,,,,
2025,Sustaninability TBBs,SDA-70974,Préstamos para Eficiencia Energética en Pymes,CIB,Eficiencia y Sostenibilidad,No,Iterativo/Incremental,Ongoing,No,Pendiente a entrega,1111600,Baja,Sí,7,13/01/2025,,,,,
2025,Digital Payments Evolution,SDA-79883,Plataforma de Cobros Recurrentes,CIB,Crecimiento en Banca Empresas,No,Secuencial,Ongoing,Sí,Pendiente a entrega,1667400,Media,Sí,1,20/01/2025,,,,,
2025,Global Markets Platform,SDA-75792,Asesor de Inversiones Robótico (Robo-Advisor),CIB,Impulso Digital Perú 2025,Sí,Iterativo/Incremental,Ongoing,Sí,Pendiente a entrega,3573000,Alta,Sí,8,10/02/2025,,,,,
2023,Risk Processes Transformation,SDA-37233,Modelo de Provisión IFRS 9,RIC,Renovación Tecnológica,Sí,Secuencial,Finalizado,Sí,Entrega completa,5955000,Alta,Sí,7,01/03/2021,14/04/2023,21/04/2023,02/05/2023,792,No
2025,Wealth Management Digitalization,SDA-81011,Portal de Inversiones para Clientes Premium,CIB,Crecimiento en Banca Empresas,Sí,Iterativo/Incremental,Ongoing,Sí,Pendiente a entrega,3096600,Alta,Sí,4,17/02/2025,,,,,
2023,Open Banking Initiative,SDA-35528,Portal para Desarrolladores (Developer Portal),ENG,Impulso Digital Perú 2021,Sí,Secuencial,Finalizado,Sí,Entrega completa,3771500,Alta,Sí,8,02/08/2021,03/02/2023,10/02/2023,20/02/2023,567,No
2025,Regulatory & Compliance Tech,SDA-83013,Dashboard de Cumplimiento Basilea III,GRM,Renovación Tecnológica,Sí,Secuencial,Ongoing,Sí,Pendiente a entrega,2461400,Media,Sí,2,20/01/2025,,,,,
2020,Data Governance Initiative,SDA-10482,Creación del Data Lake Corporativo,ENG,Renovación Tecnológica,Sí,Secuencial,Finalizado,Sí,Entrega completa,5955000,Alta,Sí,5,06/05/2019,18/09/2020,28/09/2020,09/10/2020,522,No
2025,Corporate Investment Tools,SDA-85015,Plataforma de Bonos Corporativos,CIB,Crecimiento en Banca Empresas,No,Secuencial,Ongoing,Sí,Pendiente a entrega,3771500,Alta,Sí,8,03/03/2025,,,,,
2025,Advanced Analytics & AI Models,SDA-86016,Modelo de Detección de Blanqueo de Capitales,RIC,Renovación Tecnológica,Sí,Iterativo/Incremental,Ongoing,Sí,Pendiente a entrega,5955000,Alta,Sí,7,06/01/2025,,,,,
2024,Global Markets Platform,SDA-51937,Acceso a Mercados Internacionales para Retail,CIB,Crecimiento en Banca Empresas,No,Iterativo/Incremental,Finalizado,Sí,Entrega completa,2382000,Alta,Sí,6,13/02/2023,07/06/2024,14/06/2024,25/06/2024,498,No
2025,Cloud Adoption & DevOps,SDA-88018,Orquestador de Despliegues Multi-Cloud,ENG,Renovación Tecnológica,No,Iterativo/Incremental,Ongoing,Sí,Pendiente a entrega,1905600,Media,Sí,6,10/02/2025,,,,,
2025,Open Banking Initiative,SDA-89019,Marketplace de APIs para Terceros,ENG,Impulso Digital Perú 2025,Sí,Secuencial,Ongoing,Sí,Pendiente a entrega,3493600,Alta,Sí,8,24/02/2025,,,,,
2022,Risk Processes Transformation,SDA-35813,Sistema de Alertas de Fraude Transaccional,RIC,Renovación Tecnológica,Sí,Secuencial,Finalizado,Sí,Entrega completa,3493600,Alta,Sí,1,12/04/2021,22/07/2022,29/07/2022,09/08/2022,484,No
2024,Risk Processes Transformation,SDA-65412,Risk Data Transformación Perú,RIC,Renovación Tecnológica,Sí,Secuencial,Ongoing,Sí,Pendiente a entrega,3771500,Alta,Sí,3,24/02/2023,,,,,
2022,Core Banking Modernization,SDA-32483,Microservicios para Cuentas de Ahorro,ENG,Renovación Tecnológica,Sí,Secuencial,Finalizado,Sí,Entrega completa,4367000,Alta,Sí,4,15/02/2021,29/04/2022,06/05/2022,17/05/2022,456,No
2022,Core Banking Modernization,SDA-39323,Gestión de Tarjetas en Tiempo Real,CCS,Impulso Digital Perú 2021,Sí,Iterativo/Incremental,Finalizado,Sí,Entrega completa,2977500,Media,Sí,9,05/04/2021,17/06/2022,24/06/2022,05/07/2022,456,No
2022,Client Solutions & Digital Channels,SDA-82345,Rediseño de la Banca Móvil,CCS,Impulso Digital Perú 2021,Sí,Iterativo/Incremental,Finalizado,Sí,Entrega completa,4764000,Alta,Sí,8,01/03/2021,26/04/2022,05/05/2022,16/05/2022,441,No
2024,Client Solutions & Digital Channels,SDA-99823,Asistente Virtual para App (Chatbot),CCS,Foco en Captación 2024,Sí,Iterativo/Incremental,Ongoing,Sí,Pendiente a entrega,1786500,Media,Sí,6,15/07/2024,,,,,
2023,Advanced Analytics & AI Models,SDA-47664,Prevención de Lavado de Dinero (AML) con IA,GRM,Renovación Tecnológica,Sí,Secuencial,Finalizado,Sí,Entrega completa,5161000,Alta,Sí,5,02/05/2022,23/06/2023,30/06/2023,11/07/2023,435,No
2020,Core Banking Modernization,SDA-18751,Digitalización de Legajos de Clientes,T&C,Eficiencia y Sostenibilidad,No,Secuencial,Finalizado,Sí,Entrega completa,2580500,Media,Sí,4,13/05/2019,26/06/2020,03/07/2020,14/07/2020,428,No
2025,Digital Workspace,SDA-87017,Migración a Microsoft 365,T&C,Eficiencia y Sostenibilidad,No,Secuencial,Finalizado,No,Entrega completa,9925000,Media,Sí,7,01/04/2024,31/03/2025,10/04/2025,21/04/2025,385,No
2021,Regulatory & Compliance Tech,SDA-52234,Sistema de Prevención de Fraude Interno,GRM,Renovación Tecnológica,Sí,Iterativo/Incremental,Finalizado,Sí,Entrega completa,2858400,Media,Sí,6,06/04/2020,19/02/2021,26/02/2021,08/03/2021,336,No
2024,Digital Workspace,SDA-40556,Plataforma de Colaboración Unificada,T&C,Eficiencia y Sostenibilidad,No,Secuencial,Finalizado,No,Entrega completa,3771500,Media,Sí,2,19/06/2023,26/04/2024,06/05/2024,16/05/2024,332,No
2023,Regulatory & Compliance Tech,SDA-21114,Software de Monitoreo de Sanciones,GRM,Renovación Tecnológica,Sí,Secuencial,Finalizado,Sí,Entrega completa,2699600,Alta,Sí,2,11/04/2022,10/02/2023,17/02/2023,27/02/2023,322,No
2020,Regulatory & Compliance Tech,SDA-74444,Módulo de Auditoría Continua,GRM,Renovación Tecnológica,Sí,Secuencial,Finalizado,Sí,Entrega completa,2183500,Media,Sí,2,15/04/2019,14/02/2020,21/02/2020,02/03/2020,322,No
2022,Wealth Management Digitalization,SDA-35525,Onboarding Digital para Clientes de Banca Privada,CIB,Foco en Captación 2021,No,Iterativo/Incremental,Finalizado,Sí,Entrega completa,2779000,Media,Sí,2,03/05/2021,25/02/2022,04/03/2022,14/03/2022,315,No
2024,Retail Banking Evolution,SDA-64111,Rediseño del Proceso de Crédito Hipotecario,CCS,Foco en Captación 2024,Sí,Secuencial,Finalizado,Sí,Entrega completa,2977500,Alta,Sí,7,12/02/2024,29/11/2024,06/12/2024,16/12/2024,308,No
2022,Sustaninability TBBs,SDA-73109,Factoring: Nuevo diseño de aplicativo,CIB,Eficiencia y Sostenibilidad,Sí,Iterativo/Incremental,Finalizado,Sí,Entrega completa,833700,Alta,Sí,3,08/03/2022,19/12/2022,28/12/2022,10/01/2023,308,No
2024,Cloud Adoption & DevOps,SDA-52063,Contenedorización de Aplicaciones Legacy,ENG,Renovación Tecnológica,No,Secuencial,Finalizado,Sí,Entrega completa,2382000,Alta,Sí,7,15/05/2023,26/01/2024,02/02/2024,13/02/2024,274,No
2019,Core Banking Modernization,SDA-82371,Actualización Sistema Swift,CIB,Renovación Tecnológica,Sí,Secuencial,Finalizado,Sí,Entrega completa,1786500,Alta,Sí,3,18/03/2019,25/11/2019,02/12/2019,11/12/2019,268,No
2024,Corporate Investment Tools,SDA-78902,Plataforma de Financiamiento Sostenible,CIB,Eficiencia y Sostenibilidad,No,Iterativo/Incremental,Finalizado,Sí,Entrega completa,2382000,Media,Sí,8,15/01/2024,20/09/2024,27/09/2024,07/10/2024,266,No
2024,Advanced Analytics & AI Models,SDA-78903,Análisis de Riesgo de Contraparte,RIC,Renovación Tecnológica,Sí,Secuencial,Finalizado,Sí,Entrega completa,3652400,Alta,Sí,2,29/04/2024,20/12/2024,02/01/2025,13/01/2025,259,No
2023,Core Banking Modernization,SDA-88952,Rescate a cuentas del exterior en FFMM,CIB,Renovación Tecnológica,No,Secuencial,Finalizado,Sí,Entrega completa,2223200,Alta,Sí,2,01/02/2023,25/09/2023,03/10/2023,16/10/2023,257,No
2024,Digital Payments Evolution,SDA-78907,Pagos con Biometría,CCS,Impulso Digital Perú 2024,Sí,Iterativo/Incremental,Finalizado,Sí,Entrega completa,3493600,Alta,Sí,3,26/02/2024,11/10/2024,18/10/2024,28/10/2024,245,No
2024,Open Banking Initiative,SDA-78908,Agregador de Cuentas de Otros Bancos,CCS,Foco en Captación 2024,No,Iterativo/Incremental,Finalizado,Sí,Entrega completa,2580500,Media,No,0,08/04/2024,22/11/2024,29/11/2024,09/12/2024,245,No
2024,Wealth Management Digitalization,SDA-78904,Gestor de Carteras Automatizado,CIB,Impulso Digital Perú 2024,No,Iterativo/Incremental,Finalizado,Sí,Entrega completa,5161000,Alta,Sí,4,22/01/2024,30/08/2024,06/09/2024,16/09/2024,238,No
2020,Core Banking Modernization,SDA-51829,Optimización del Motor de Créditos,RIC,Renovación Tecnológica,No,Secuencial,Finalizado,Sí,Entrega completa,2421700,Alta,No,0,05/05/2020,11/12/2020,18/12/2020,29/12/2020,238,No
2020,Core Banking Modernization,SDA-23151,Motor de Comisiones y Tarifas,FIN,Eficiencia y Sostenibilidad,No,Secuencial,Finalizado,Sí,Entrega completa,2183500,Alta,Sí,8,18/05/2020,18/12/2020,28/12/2020,08/01/2021,235,No
2023,Core Banking Modernization,SDA-55811,Plataforma de Gestión de Tesorería,FIN,Crecimiento en Banca Empresas,No,Secuencial,Finalizado,Sí,Entrega completa,2858400,Alta,Sí,6,20/03/2023,20/10/2023,27/10/2023,07/11/2023,232,No
2025,IT Service Management (ITSM),SDA-82012,Implementación de ServiceNow,T&C,Eficiencia y Sostenibilidad,No,Secuencial,Finalizado,Sí,Entrega completa,4367000,Alta,Sí,4,15/07/2024,14/02/2025,21/02/2025,03/03/2025,231,No
2023,Regulatory & Compliance Tech,SDA-40554,Gestión de Cumplimiento de FATCA/CRS,GRM,Renovación Tecnológica,Sí,Secuencial,Finalizado,Sí,Entrega completa,2024700,Media,Sí,5,24/04/2023,24/11/2023,01/12/2023,11/12/2023,231,No
2024,IT Service Management (ITSM),SDA-82012,Implementación de ServiceNow,T&C,Eficiencia y Sostenibilidad,No,Secuencial,Ongoing,Sí,Pendiente a entrega,4367000,Alta,Sí,2,15/07/2024,,,,,
2024,Retail Banking Evolution,SDA-84014,Herramienta de Simulación de Inversiones,CCS,Impulso Digital Perú 2025,No,Iterativo/Incremental,Ongoing,Sí,Pendiente a entrega,1230700,Media,Sí,6,22/07/2024,,,,,
2024,Digital Workspace,SDA-87017,Migración a Microsoft 365,T&C,Eficiencia y Sostenibilidad,No,Secuencial,Ongoing,No,Pendiente a entrega,9925000,Media,Sí,1,01/04/2024,,,,,
2024,Client Data Platform,SDA-90020,Plataforma de Consentimiento de Cliente (GDPR),GRM,Crecimiento en Banca Empresas,Sí,Secuencial,Ongoing,Sí,Pendiente a entrega,1588000,Media,Sí,3,02/09/2024,,,,,
2020,Cloud Adoption & DevOps,SDA-74447,Plataforma de Serverless Computing,ENG,Renovación Tecnológica,No,Iterativo/Incremental,Finalizado,Sí,Entrega completa,2382000,Alta,Sí,5,08/07/2019,07/02/2020,14/02/2020,24/02/2020,231,No
2023,Client Data Platform,SDA-40559,Gestión Centralizada de Preferencias,CCS,Foco en Captación 2023,No,Iterativo/Incremental,Finalizado,Sí,Entrega completa,1905600,Media,Sí,6,04/09/2023,29/03/2024,08/04/2024,18/04/2024,227,No
2023,Advanced Analytics & AI Models,SDA-40560,Predictor de Próximo Mejor Producto,ENG,Impulso Digital Perú 2023,Sí,Iterativo/Incremental,Finalizado,Sí,Entrega completa,2223200,Media,Sí,6,02/10/2023,26/04/2024,06/05/2024,16/05/2024,227,No
2025,Client Solutions & Digital Channels,SDA-99823,Asistente Virtual para App (Chatbot),CCS,Foco en Captación 2024,Sí,Iterativo/Incremental,Finalizado,Sí,Entrega completa,1786500,Media,Sí,3,15/07/2024,10/02/2025,17/02/2025,26/02/2025,226,No
2023,Digital Payments Evolution,SDA-53154,Gateway de Pagos Unificado,CIB,Impulso Digital Perú 2023,Sí,Secuencial,Finalizado,Sí,Entrega completa,2580500,Media,Sí,7,27/02/2023,22/09/2023,29/09/2023,10/10/2023,225,No
2021,Client Solutions & Digital Channels,SDA-32061,App para Inversión en Fondos Mutuos,CIB,Foco en Captación 2021,No,Iterativo/Incremental,Finalizado,Sí,Entrega completa,1905600,Media,Sí,2,10/05/2021,03/12/2021,10/12/2021,21/12/2021,225,No
2021,Client Data Platform,SDA-52239,Plataforma de Calidad de Datos (DQM),ENG,Eficiencia y Sostenibilidad,No,Secuencial,Finalizado,Sí,Entrega completa,3573000,Alta,Sí,7,24/08/2020,19/03/2021,26/03/2021,06/04/2021,225,No
2023,Retail Banking Evolution,SDA-40551,Programa de Beneficios para Tarjetas,CCS,Foco en Captación 2023,Sí,Iterativo/Incremental,Finalizado,Sí,Entrega completa,1786500,Media,Sí,8,13/03/2023,06/10/2023,13/10/2023,23/10/2023,224,No
2023,IT Service Management (ITSM),SDA-40553,Automatización de Soporte Nivel 1,T&C,Eficiencia y Sostenibilidad,No,Iterativo/Incremental,Finalizado,Sí,Entrega completa,1270400,Media,Sí,8,17/04/2023,10/11/2023,17/11/2023,27/11/2023,224,No
2022,Wealth Management Digitalization,SDA-21115,Reportes de Cartera Interactivos,CIB,Foco en Captación 2022,No,Iterativo/Incremental,Finalizado,Sí,Entrega completa,1667400,Media,Sí,3,09/05/2022,02/12/2022,09/12/2022,19/12/2022,224,No
2020,Cybersecurity Framework,SDA-28752,Sistema de Gestión de Identidades (IAM),GRM,Renovación Tecnológica,Sí,Secuencial,Finalizado,Sí,Entrega completa,2779000,Alta,No,0,20/01/2020,14/08/2020,21/08/2020,31/08/2020,224,No
2023,Risk Processes Transformation,SDA-65412,Risk Data Transformación Perú,RIC,Renovación Tecnológica,Sí,Secuencial,Ongoing,Sí,Pendiente a entrega,3771500,Alta,Sí,7,24/02/2023,,,,,
2019,Risk Processes Transformation,SDA-17661,Motor de Decisión para Créditos de Consumo,RIC,Impulso Digital Perú 2019,Sí,Secuencial,Finalizado,Sí,Entrega completa,3573000,Alta,Sí,5,03/06/2019,20/12/2019,02/01/2020,13/01/2020,224,No
2023,Global Markets Platform,SDA-53645,Integración con Plataforma de Trading,CIB,Crecimiento en Banca Empresas,No,Iterativo/Incremental,Finalizado,Sí,Entrega completa,2064400,Alta,Sí,1,10/04/2023,27/10/2023,03/11/2023,14/11/2023,218,No
2020,Global Markets Platform,SDA-28374,Plataforma de Inversión Automatizada,CIB,Impulso Digital Perú 2020,Sí,Iterativo/Incremental,Finalizado,Sí,Entrega completa,1905600,Alta,Sí,8,10/02/2020,28/08/2020,04/09/2020,15/09/2020,218,No
2024,Client Data Platform,SDA-78910,Visión 360 del Cliente para Asesores,CIB,Crecimiento en Banca Empresas,Sí,Iterativo/Incremental,Finalizado,Sí,Entrega completa,3890600,Media,No,0,10/06/2024,20/12/2024,02/01/2025,13/01/2025,217,No
2023,NGA & Differential Analytics,SDA-58244,NGA - Perú. EWS Empresas (ARCE),ENG,Impulso Digital Perú 2023,Sí,Iterativo/Incremental,Finalizado,Sí,Entrega completa,1707100,Media,Sí,6,15/05/2023,29/11/2023,07/12/2023,18/12/2023,217,No
2023,Open Banking Initiative,SDA-40558,Iniciador de Pagos para E-commerce,CIB,Impulso Digital Perú 2023,Sí,Iterativo/Incremental,Finalizado,Sí,Entrega completa,2858400,Media,Sí,2,07/08/2023,23/02/2024,01/03/2024,11/03/2024,217,No
2019,Client Solutions & Digital Channels,SDA-14731,Lanzamiento Tarjeta de Crédito Digital,CCS,Foco en Captación 2019,Sí,Iterativo/Incremental,Finalizado,Sí,Entrega completa,1191000,Media,Sí,3,11/03/2019,20/09/2019,27/09/2019,08/10/2019,211,No
2023,Global Markets Platform,SDA-51937,Acceso a Mercados Internacionales para Retail,CIB,Crecimiento en Banca Empresas,No,Iterativo/Incremental,Ongoing,Sí,Pendiente a entrega,2382000,Alta,Sí,4,13/02/2023,,,,,
2023,Core Banking Modernization,SDA-44734,Renovación de Plataforma de Préstamos,RIC,Renovación Tecnológica,Sí,Secuencial,Ongoing,Sí,Pendiente a entrega,7146000,Alta,Sí,1,07/03/2022,,,,,
2022,NGA & Differential Analytics,SDA-45812,Motor de Recomendación de Productos,ENG,Impulso Digital Perú 2022,Sí,Iterativo/Incremental,Finalizado,Sí,Entrega completa,1588000,Media,Sí,7,23/05/2022,02/12/2022,09/12/2022,19/12/2022,210,No
2024,Data Governance Initiative,SDA-69882,Visualizador de Linaje de Datos,ENG,Eficiencia y Sostenibilidad,No,Iterativo/Incremental,Finalizado,Sí,Entrega completa,1230700,Media,Sí,8,22/04/2024,25/10/2024,04/11/2024,14/11/2024,206,No
2019,Digital Payments Evolution,SDA-13641,App para Comercios (Cobro con Celular),CCS,Foco en Captación 2019,Sí,Iterativo/Incremental,Finalizado,Sí,Entrega completa,1667400,Media,Sí,4,22/04/2019,25/10/2019,04/11/2019,14/11/2019,206,No
2022,Cloud Adoption & DevOps,SDA-71234,Migración de Servidores de Canales Móviles a AWS,ENG,Renovación Tecnológica,Sí,Secuencial,Finalizado,Sí,Entrega completa,1488750,Alta,Sí,4,13/04/2022,17/10/2022,25/10/2022,04/11/2022,205,Sí
2022,Digital Payments Evolution,SDA-41936,Tokenización de Tarjetas,CCS,Impulso Digital Perú 2022,Sí,Iterativo/Incremental,Finalizado,Sí,Entrega completa,1786500,Alta,Sí,7,16/05/2022,18/11/2022,25/11/2022,06/12/2022,204,No
2022,Global Markets Platform,SDA-49324,Plataforma de Inversiones para Asesores,CIB,Crecimiento en Banca Empresas,No,Iterativo/Incremental,Finalizado,Sí,Entrega completa,2382000,Media,Sí,2,25/04/2022,28/10/2022,04/11/2022,15/11/2022,204,No
2022,Digital Workspace,SDA-21116,Red Social Corporativa,T&C,Eficiencia y Sostenibilidad,No,Iterativo/Incremental,Finalizado,No,Entrega completa,1111600,Baja,Sí,5,06/06/2022,09/12/2022,16/12/2022,27/12/2022,204,No
2020,Client Solutions & Digital Channels,SDA-25814,Apertura de Cuentas 100% Digital,CCS,Foco en Captación 2020,Sí,Iterativo/Incremental,Finalizado,Sí,Entrega completa,2183500,Media,No,0,02/03/2020,04/09/2020,11/09/2020,22/09/2020,204,No
2020,Client Solutions & Digital Channels,SDA-20211,Marketplace de Productos y Servicios,T&C,Foco en Captación 2020,No,Iterativo/Incremental,Finalizado,Sí,Entrega completa,2382000,Media,Sí,5,17/02/2020,21/08/2020,28/08/2020,08/09/2020,204,No
2020,Sustaninability TBBs,SDA-28122,Criterios ESG en Evaluación de Créditos,RIC,Eficiencia y Sostenibilidad,Sí,Secuencial,Finalizado,Sí,Entrega completa,1667400,Alta,Sí,5,27/01/2020,31/07/2020,07/08/2020,18/08/2020,204,No
2020,Cloud Adoption & DevOps,SDA-52237,Contenedores como Servicio (CaaS),ENG,Renovación Tecnológica,No,Secuencial,Finalizado,Sí,Entrega completa,3215700,Alta,Sí,8,29/06/2020,29/12/2020,08/01/2021,18/01/2021,204,No
2020,Open Banking Initiative,SDA-52238,Sandbox para Desarrolladores Externos,ENG,Impulso Digital Perú 2020,Sí,Iterativo/Incremental,Finalizado,Sí,Entrega completa,4367000,Alta,Sí,3,27/07/2020,29/01/2021,05/02/2021,15/02/2021,204,No
2019,Data Governance Initiative,SDA-16571,Definición de Linaje de Datos Críticos,ENG,Eficiencia y Sostenibilidad,Sí,Secuencial,Finalizado,Sí,Entrega completa,1191000,Media,Sí,5,20/05/2019,22/11/2019,29/11/2019,10/12/2019,204,No
2019,Cybersecurity Framework,SDA-11391,Centro de Operaciones de Seguridad (SOC),GRM,Renovación Tecnológica,Sí,Secuencial,Finalizado,Sí,Entrega completa,5558000,Alta,Sí,6,21/01/2019,26/07/2019,02/08/2019,13/08/2019,204,No
2025,Retail Banking Evolution,SDA-84014,Herramienta de Simulación de Inversiones,CCS,Impulso Digital Perú 2025,No,Iterativo/Incremental,Finalizado,Sí,Entrega completa,1230700,Media,Sí,7,22/07/2024,24/01/2025,31/01/2025,10/02/2025,203,No
2023,Cloud Adoption & DevOps,SDA-52063,Contenedorización de Aplicaciones Legacy,ENG,Renovación Tecnológica,No,Secuencial,Ongoing,Sí,Pendiente a entrega,2382000,Alta,Sí,4,15/05/2023,,,,,
2023,Corporate Investment Tools,SDA-40552,Plataforma de Préstamos Sindicados,CIB,Crecimiento en Banca Empresas,No,Secuencial,Finalizado,Sí,Entrega completa,3096600,Alta,Sí,2,20/02/2023,25/08/2023,01/09/2023,11/09/2023,203,No
2022,Cloud Adoption & DevOps,SDA-21117,Gestión de Secretos en la Nube (Vault),ENG,Renovación Tecnológica,Sí,Secuencial,Finalizado,Sí,Entrega completa,2183500,Alta,Sí,7,04/07/2022,30/12/2022,09/01/2023,19/01/2023,200,No
2022,Advanced Analytics & AI Models,SDA-21120,Análisis de Fuga de Clientes Empresariales,CIB,Crecimiento en Banca Empresas,Sí,Iterativo/Incremental,Finalizado,Sí,Entrega completa,1905600,Media,Sí,8,03/10/2022,31/03/2023,10/04/2023,20/04/2023,200,No
2021,Cloud Adoption & DevOps,SDA-35527,Observabilidad de Aplicaciones en la Nube,ENG,Renovación Tecnológica,No,Iterativo/Incremental,Finalizado,Sí,Entrega completa,1905600,Media,Sí,1,05/07/2021,31/12/2021,10/01/2022,20/01/2022,200,No
2023,Data Governance Initiative,SDA-52485,Plataforma de Autoservicio de Datos,ENG,Eficiencia y Sostenibilidad,No,Iterativo/Incremental,Finalizado,Sí,Entrega completa,1786500,Media,Sí,1,22/05/2023,17/11/2023,24/11/2023,05/12/2023,197,Sí
2023,Global Markets Platform,SDA-54944,Gestión de Portafolios Discrecional,CIB,Crecimiento en Banca Empresas,No,Iterativo/Incremental,Finalizado,Sí,Entrega completa,1905600,Media,Sí,3,30/01/2023,28/07/2023,04/08/2023,15/08/2023,197,No
2022,Risk Processes Transformation,SDA-43153,Modelo de Valor en Riesgo (VaR),RIC,Renovación Tecnológica,Sí,Secuencial,Finalizado,Sí,Entrega completa,1588000,Alta,Sí,1,25/04/2022,21/10/2022,28/10/2022,08/11/2022,197,No
2023,Digital Workspace,SDA-40556,Plataforma de Colaboración Unificada,T&C,Eficiencia y Sostenibilidad,No,Secuencial,Ongoing,No,Pendiente a entrega,3771500,Media,Sí,8,19/06/2023,,,,,
2021,Digital Payments Evolution,SDA-36573,Plataforma de Pagos para E-commerce,CIB,Impulso Digital Perú 2021,Sí,Iterativo/Incremental,Finalizado,Sí,Entrega completa,1786500,Media,Sí,1,03/05/2021,29/10/2021,05/11/2021,16/11/2021,197,No
2021,Cybersecurity Framework,SDA-38123,Plataforma de Threat Intelligence,GRM,Renovación Tecnológica,Sí,Secuencial,Finalizado,Sí,Entrega completa,2183500,Media,Sí,8,22/02/2021,20/08/2021,27/08/2021,07/09/2021,197,No
2021,Advanced Analytics & AI Models,SDA-35530,Motor de Decisión para Tarjetas de Crédito,RIC,Impulso Digital Perú 2021,Sí,Iterativo/Incremental,Finalizado,Sí,Entrega completa,3096600,Alta,No,0,04/10/2021,01/04/2022,08/04/2022,19/04/2022,197,No
2020,NFR Management Infraestructure,SDA-23642,Homologación de Servidores Base de Datos,ENG,Renovación Tecnológica,No,Secuencial,Finalizado,Sí,Entrega completa,1310100,Media,Sí,8,24/02/2020,21/08/2020,28/08/2020,08/09/2020,197,Sí
2020,NFR Management Infraestructure,SDA-27662,Monitoreo de Aplicaciones (APM),ENG,Renovación Tecnológica,No,Secuencial,Finalizado,Sí,Entrega completa,1588000,Media,Sí,5,02/03/2020,28/08/2020,04/09/2020,15/09/2020,197,No
2020,Advanced Analytics & AI Models,SDA-52240,Análisis de Canasta de Compra,CCS,Impulso Digital Perú 2020,Sí,Iterativo/Incremental,Finalizado,Sí,Entrega completa,1667400,Media,Sí,2,21/09/2020,19/03/2021,26/03/2021,06/04/2021,197,No
2019,Digital Payments Evolution,SDA-18121,Pagos a Proveedores Centralizado,CIB,Eficiencia y Sostenibilidad,No,Secuencial,Finalizado,Sí,Entrega completa,1389500,Media,Sí,2,25/02/2019,23/08/2019,30/08/2019,10/09/2019,197,No
2019,Advanced Analytics & AI Models,SDA-74450,Sistema de Detección de Fraude en Tarjetas,RIC,Impulso Digital Perú 2019,Sí,Iterativo/Incremental,Finalizado,Sí,Entrega completa,4367000,Alta,Sí,4,30/09/2019,27/03/2020,03/04/2020,14/04/2020,197,No
2025,Client Data Platform,SDA-90020,Plataforma de Consentimiento de Cliente (GDPR),GRM,Crecimiento en Banca Empresas,Sí,Secuencial,Finalizado,Sí,Entrega completa,1588000,Media,Sí,7,02/09/2024,28/02/2025,07/03/2025,17/03/2025,196,No
2022,Digital Payments Evolution,SDA-39147,Integración con Billeteras Digitales (PLIN),CCS,Foco en Captación 2022,Sí,Iterativo/Incremental,Ongoing,Sí,Pendiente a entrega,1270400,Media,Sí,8,19/09/2022,,,,,
2024,NGA & Differential Analytics,SDA-69326,Next Best Action para Clientes Retail,CCS,Impulso Digital Perú 2024,Sí,Iterativo/Incremental,Finalizado,Sí,Entrega completa,1508600,Media,Sí,2,22/01/2024,19/07/2024,26/07/2024,05/08/2024,196,No
2024,Cybersecurity Framework,SDA-64945,Programa de Caza de Amenazas (Threat Hunting),GRM,Renovación Tecnológica,Sí,Secuencial,Finalizado,Sí,Entrega completa,1548300,Alta,Sí,3,26/02/2024,23/08/2024,30/08/2024,09/09/2024,196,No
2024,Global Markets Platform,SDA-62064,Plataforma de Trading Algorítmico,CIB,Impulso Digital Perú 2024,No,Secuencial,Finalizado,Sí,Entrega completa,3374500,Alta,Sí,8,29/01/2024,26/07/2024,02/08/2024,12/08/2024,196,No
2024,Cloud Adoption & DevOps,SDA-78906,FinOps: Optimización de Costos en la Nube,ENG,Eficiencia y Sostenibilidad,No,Iterativo/Incremental,Finalizado,No,Entrega completa,992500,Baja,No,0,18/03/2024,13/09/2024,20/09/2024,30/09/2024,196,No
2023,Digital Payments Evolution,SDA-39147,Integración con Billeteras Digitales (PLIN),CCS,Foco en Captación 2022,Sí,Iterativo/Incremental,Finalizado,Sí,Entrega completa,1270400,Media,No,0,19/09/2022,14/03/2023,22/03/2023,03/04/2023,196,No
2022,Risk Processes Transformation,SDA-41983,Modelo de Riesgo Operacional,RIC,Renovación Tecnológica,Sí,Secuencial,Finalizado,Sí,Entrega completa,1647550,Media,Sí,8,14/02/2022,12/08/2022,19/08/2022,29/08/2022,196,No
2022,Core Banking Modernization,SDA-44734,Renovación de Plataforma de Préstamos,RIC,Renovación Tecnológica,Sí,Secuencial,Ongoing,Sí,Pendiente a entrega,7146000,Alta,Sí,4,07/03/2022,,,,,
2022,Retail Banking Evolution,SDA-21111,Plataforma de Crowdfunding,T&C,Crecimiento en Banca Empresas,No,Iterativo/Incremental,Finalizado,Sí,Entrega completa,1389500,Media,Sí,7,17/01/2022,15/07/2022,22/07/2022,01/08/2022,196,No
2022,Corporate Investment Tools,SDA-21112,Mesa de Dinero Digital,CIB,Impulso Digital Perú 2022,Sí,Secuencial,Finalizado,Sí,Entrega completa,4764000,Alta,Sí,6,14/02/2022,12/08/2022,19/08/2022,29/08/2022,196,No
2022,Advanced Analytics & AI Models,SDA-47664,Prevención de Lavado de Dinero (AML) con IA,GRM,Renovación Tecnológica,Sí,Secuencial,Ongoing,Sí,Pendiente a entrega,5161000,Alta,Sí,2,02/05/2022,,,,,
2022,IT Service Management (ITSM),SDA-21113,Gestión de Cambios (Change Management),T&C,Eficiencia y Sostenibilidad,No,Secuencial,Finalizado,No,Entrega completa,1786500,Media,Sí,1,14/03/2022,09/09/2022,16/09/2022,26/09/2022,196,No
2022,Open Banking Initiative,SDA-21118,Validador de Identidad para Terceros,GRM,Impulso Digital Perú 2022,No,Secuencial,Finalizado,Sí,Entrega completa,2421700,Media,Sí,8,01/08/2022,27/01/2023,03/02/2023,13/02/2023,196,No
2022,Client Data Platform,SDA-21119,Ingesta de Datos en Tiempo Real,ENG,Eficiencia y Sostenibilidad,Sí,Iterativo/Incremental,Finalizado,Sí,Entrega completa,2977500,Alta,Sí,1,05/09/2022,03/03/2023,10/03/2023,20/03/2023,196,No
2021,Retail Banking Evolution,SDA-35521,Programa de Puntos y Millas,T&C,Foco en Captación 2021,Sí,Iterativo/Incremental,Finalizado,Sí,Entrega completa,2183500,Media,Sí,2,11/01/2021,09/07/2021,16/07/2021,26/07/2021,196,No
2021,Corporate Investment Tools,SDA-35522,Plataforma de Mercado de Capitales,CIB,Crecimiento en Banca Empresas,No,Secuencial,Finalizado,Sí,Entrega completa,5955000,Alta,Sí,8,08/02/2021,06/08/2021,13/08/2021,23/08/2021,196,No
2021,IT Service Management (ITSM),SDA-35523,Portal de Autoservicio para Empleados,T&C,Eficiencia y Sostenibilidad,No,Iterativo/Incremental,Finalizado,Sí,Entrega completa,1508600,Baja,Sí,6,08/03/2021,03/09/2021,10/09/2021,20/09/2021,196,No
2021,Regulatory & Compliance Tech,SDA-35524,Sistema de Gestión de Casos de Compliance,GRM,Renovación Tecnológica,Sí,Secuencial,Finalizado,Sí,Entrega completa,2461400,Media,Sí,6,05/04/2021,01/10/2021,08/10/2021,18/10/2021,196,No
2021,Digital Workspace,SDA-35526,Gestor de Contenidos Empresarial (ECM),T&C,Eficiencia y Sostenibilidad,No,Secuencial,Finalizado,No,Entrega completa,3374500,Alta,Sí,3,07/06/2021,03/12/2021,10/12/2021,20/12/2021,196,No
2022,Risk Processes Transformation,SDA-37233,Modelo de Provisión IFRS 9,RIC,Renovación Tecnológica,Sí,Secuencial,Ongoing,Sí,Pendiente a entrega,5955000,Alta,Sí,1,01/03/2021,,,,,
2021,Client Data Platform,SDA-35529,Golden Record de Cliente,ENG,Eficiencia y Sostenibilidad,Sí,Secuencial,Finalizado,Sí,Entrega completa,4764000,Alta,Sí,4,06/09/2021,04/03/2022,11/03/2022,21/03/2022,196,No
2020,NFR Management Infraestructure,SDA-24941,Renovación de Enlaces de Comunicación,ENG,Renovación Tecnológica,No,Secuencial,Finalizado,No,Entrega completa,2977500,Media,Sí,1,20/01/2020,17/07/2020,24/07/2020,03/08/2020,196,No
2020,Retail Banking Evolution,SDA-52231,Comparador de Seguros,T&C,Foco en Captación 2020,No,Iterativo/Incremental,Finalizado,Sí,Entrega completa,992500,Baja,Sí,1,13/01/2020,10/07/2020,17/07/2020,27/07/2020,196,No
2020,Corporate Investment Tools,SDA-52232,Plataforma de Cash Management,CIB,Crecimiento en Banca Empresas,Sí,Secuencial,Finalizado,Sí,Entrega completa,3771500,Alta,Sí,8,10/02/2020,07/08/2020,14/08/2020,24/08/2020,196,No
2020,IT Service Management (ITSM),SDA-52233,Gestión de Activos de Software (SAM),T&C,Eficiencia y Sostenibilidad,No,Secuencial,Finalizado,No,Entrega completa,1270400,Media,Sí,1,09/03/2020,04/09/2020,11/09/2020,21/09/2020,196,No
2020,Wealth Management Digitalization,SDA-52235,Asesoramiento Financiero Remoto,CIB,Foco en Captación 2020,No,Iterativo/Incremental,Finalizado,Sí,Entrega completa,2183500,Media,Sí,7,04/05/2020,30/10/2020,06/11/2020,16/11/2020,196,No
2020,Digital Workspace,SDA-52236,Intranet Social y Colaborativa,T&C,Eficiencia y Sostenibilidad,No,Iterativo/Incremental,Finalizado,No,Entrega completa,2699600,Media,Sí,5,01/06/2020,27/11/2020,04/12/2020,14/12/2020,196,No
2019,Retail Banking Evolution,SDA-74441,Plataforma de Préstamos Personales Online,RIC,Impulso Digital Perú 2019,Sí,Iterativo/Incremental,Finalizado,Sí,Entrega completa,2580500,Media,Sí,8,21/01/2019,19/07/2019,26/07/2019,05/08/2019,196,No
2022,Regulatory & Compliance Tech,SDA-21114,Software de Monitoreo de Sanciones,GRM,Renovación Tecnológica,Sí,Secuencial,Ongoing,Sí,Pendiente a entrega,2699600,Alta,Sí,1,11/04/2022,,,,,
2019,Corporate Investment Tools,SDA-74442,Sistema de Gestión de Derivados,CIB,Crecimiento en Banca Empresas,No,Secuencial,Finalizado,Sí,Entrega completa,5161000,Alta,Sí,7,18/02/2019,16/08/2019,23/08/2019,02/09/2019,196,No
2019,IT Service Management (ITSM),SDA-74443,Base de Conocimiento de TI (Knowledge Base),T&C,Eficiencia y Sostenibilidad,No,Iterativo/Incremental,Finalizado,No,Entrega completa,1111600,Baja,Sí,8,18/03/2019,13/09/2019,20/09/2019,30/09/2019,196,No
2019,Wealth Management Digitalization,SDA-74445,Agregador de Posición Financiera,CIB,Foco en Captación 2019,No,Iterativo/Incremental,Finalizado,Sí,Entrega completa,1905600,Media,Sí,8,13/05/2019,08/11/2019,15/11/2019,25/11/2019,196,No
2019,Digital Workspace,SDA-74446,Directorio Activo Unificado,T&C,Eficiencia y Sostenibilidad,No,Secuencial,Finalizado,No,Entrega completa,2977500,Alta,Sí,5,10/06/2019,06/12/2019,13/12/2019,23/12/2019,196,No
2019,Open Banking Initiative,SDA-74448,API de Consulta de Saldos y Movimientos,ENG,Impulso Digital Perú 2019,Sí,Secuencial,Finalizado,Sí,Entrega completa,3176000,Media,Sí,2,05/08/2019,31/01/2020,07/02/2020,17/02/2020,196,No
2019,Client Data Platform,SDA-74449,Desduplicación de Clientes,ENG,Eficiencia y Sostenibilidad,No,Secuencial,Finalizado,Sí,Entrega completa,3771500,Alta,No,0,02/09/2019,28/02/2020,06/03/2020,16/03/2020,196,No
2024,IT Service Management (ITSM),SDA-78909,Catálogo de Servicios de TI para Empleados,T&C,Eficiencia y Sostenibilidad,No,Secuencial,Finalizado,No,Entrega completa,1270400,Baja,Sí,4,06/05/2024,25/10/2024,04/11/2024,14/11/2024,192,No
2022,Open Banking Initiative,SDA-35528,Portal para Desarrolladores (Developer Portal),ENG,Impulso Digital Perú 2021,Sí,Secuencial,Ongoing,Sí,Pendiente a entrega,3771500,Alta,Sí,4,02/08/2021,,,,,
2023,Advanced Analytics & AI Models,SDA-69311,Implementación de Modelos Predictivos de Fuga de Clientes,ENG,Impulso Digital Perú 2023,Sí,Iterativo/Incremental,Finalizado,Sí,Entrega completa,1151300,Media,Sí,1,06/06/2023,28/11/2023,05/12/2023,15/12/2023,192,No
2023,Cloud Adoption & DevOps,SDA-40557,Monitoreo de Infraestructura Híbrida,ENG,Renovación Tecnológica,Sí,Secuencial,Finalizado,Sí,Entrega completa,2501100,Alta,Sí,4,10/07/2023,29/12/2023,08/01/2024,18/01/2024,192,No
2021,Client Solutions & Digital Channels,SDA-82345,Rediseño de la Banca Móvil,CCS,Impulso Digital Perú 2021,Sí,Iterativo/Incremental,Ongoing,Sí,Pendiente a entrega,4764000,Alta,Sí,6,01/03/2021,,,,,
2024,Core Banking Modernization,SDA-67666,Gestión Centralizada de Colaterales,RIC,Eficiencia y Sostenibilidad,No,Secuencial,Finalizado,Sí,Entrega completa,2302600,Alta,No,0,04/03/2024,23/08/2024,30/08/2024,10/09/2024,190,No
2024,NFR Management Infraestructure,SDA-63155,Sistema de Gestión de Activos de TI (ITAM),ENG,Eficiencia y Sostenibilidad,No,Secuencial,Finalizado,No,Entrega completa,833700,Baja,Sí,1,10/06/2024,29/11/2024,06/12/2024,17/12/2024,190,No
2021,Risk Processes Transformation,SDA-35813,Sistema de Alertas de Fraude Transaccional,RIC,Renovación Tecnológica,Sí,Secuencial,Ongoing,Sí,Pendiente a entrega,3493600,Alta,Sí,5,12/04/2021,,,,,
2023,Risk Processes Transformation,SDA-59325,Automatización de Pruebas de Estrés,RIC,Renovación Tecnológica,Sí,Secuencial,Finalizado,Sí,Entrega completa,1786500,Alta,Sí,6,06/03/2023,25/08/2023,01/09/2023,12/09/2023,190,No
2020,Client Solutions & Digital Channels,SDA-26572,Contratación de Fondos Mutuos en App,CIB,Foco en Captación 2020,No,Iterativo/Incremental,Finalizado,Sí,Entrega completa,1032200,Media,Sí,2,11/05/2020,30/10/2020,06/11/2020,17/11/2020,190,No
2020,Advanced Analytics & AI Models,SDA-29322,Motor de Precios Dinámicos,RIC,Impulso Digital Perú 2020,No,Iterativo/Incremental,Finalizado,Sí,Entrega completa,1508600,Alta,Sí,3,08/06/2020,27/11/2020,04/12/2020,15/12/2020,190,No
2019,Global Markets Platform,SDA-17231,Integración con Bloomberg,CIB,Crecimiento en Banca Empresas,No,Secuencial,Finalizado,Sí,Entrega completa,1191000,Media,Sí,3,08/04/2019,27/09/2019,04/10/2019,15/10/2019,190,No
2024,Sustaninability TBBs,SDA-64736,Fondo de Inversión Socialmente Responsable,CIB,Eficiencia y Sostenibilidad,No,Iterativo/Incremental,Finalizado,No,Entrega completa,794000,Media,No,0,22/04/2024,11/10/2024,18/10/2024,28/10/2024,189,No
2024,Digital Payments Evolution,SDA-62486,Sistema de Pagos Masivos para Empresas,CIB,Crecimiento en Banca Empresas,No,Secuencial,Finalizado,Sí,Entrega completa,1548300,Media,Sí,1,29/04/2024,18/10/2024,25/10/2024,04/11/2024,189,No
2021,Core Banking Modernization,SDA-32483,Microservicios para Cuentas de Ahorro,ENG,Renovación Tecnológica,Sí,Secuencial,Ongoing,Sí,Pendiente a entrega,4367000,Alta,Sí,7,15/02/2021,,,,,
2024,Advanced Analytics & AI Models,SDA-65791,Clasificador Automático de Documentos,T&C,Eficiencia y Sostenibilidad,No,Iterativo/Incremental,Finalizado,Sí,Entrega completa,1151300,Media,Sí,5,29/01/2024,19/07/2024,26/07/2024,05/08/2024,189,No
2024,Regulatory & Compliance Tech,SDA-78905,Automatización de Reportes a la SBS,FIN,Crecimiento en Banca Empresas,Sí,Secuencial,Finalizado,Sí,Entrega completa,1786500,Media,Sí,6,05/02/2024,26/07/2024,02/08/2024,12/08/2024,189,No
2021,Core Banking Modernization,SDA-39323,Gestión de Tarjetas en Tiempo Real,CCS,Impulso Digital Perú 2021,Sí,Iterativo/Incremental,Ongoing,Sí,Pendiente a entrega,2977500,Media,Sí,7,05/04/2021,,,,,
2019,NFR Management Infraestructure,SDA-19321,Renovación de Licenciamiento Oracle,ENG,Renovación Tecnológica,Sí,Secuencial,Finalizado,No,Entrega completa,4764000,Baja,Sí,5,07/01/2019,28/06/2019,05/07/2019,15/07/2019,189,Sí
2021,Risk Processes Transformation,SDA-37233,Modelo de Provisión IFRS 9,RIC,Renovación Tecnológica,Sí,Secuencial,Ongoing,Sí,Pendiente a entrega,5955000,Alta,Sí,2,01/03/2021,,,,,
2024,Risk Processes Transformation,SDA-91234,Dashboard de Cumplimiento Normativo,GRM,Crecimiento en Banca Empresas,No,Secuencial,Finalizado,Sí,Entrega completa,774150,Media,Sí,5,12/02/2024,29/07/2024,06/08/2024,16/08/2024,186,No
2024,NGA & Differential Analytics,SDA-68756,Análisis Predictivo de Cartera de Inversiones,CIB,Impulso Digital Perú 2024,No,Iterativo/Incremental,Finalizado,Sí,Entrega completa,1429200,Media,Sí,8,08/01/2024,21/06/2024,28/06/2024,09/07/2024,183,No
2024,Advanced Analytics & AI Models,SDA-61396,Modelo de Propensión de Compra,ENG,Impulso Digital Perú 2024,Sí,Iterativo/Incremental,Finalizado,Sí,Entrega completa,1111600,Media,Sí,1,15/04/2024,27/09/2024,04/10/2024,15/10/2024,183,No
2024,Risk Processes Transformation,SDA-60973,Detección de Fraude en Originación de Créditos,RIC,Impulso Digital Perú 2024,Sí,Secuencial,Finalizado,Sí,Entrega completa,2183500,Alta,Sí,3,08/04/2024,20/09/2024,27/09/2024,08/10/2024,183,No
2023,Risk Processes Transformation,SDA-51395,Automatización de Conciliaciones Contables,FIN,Eficiencia y Sostenibilidad,No,Secuencial,Finalizado,Sí,Entrega completa,992500,Media,Sí,1,12/06/2023,24/11/2023,01/12/2023,12/12/2023,183,No
2022,Data Governance Initiative,SDA-48754,Calidad de Datos para Clientes,ENG,Eficiencia y Sostenibilidad,Sí,Iterativo/Incremental,Finalizado,Sí,Entrega completa,1349800,Media,Sí,8,09/05/2022,21/10/2022,28/10/2022,08/11/2022,183,No
2022,Global Markets Platform,SDA-41394,Plataforma de Renta Fija para Clientes,CIB,Crecimiento en Banca Empresas,No,Iterativo/Incremental,Finalizado,Sí,Entrega completa,1588000,Media,Sí,7,11/04/2022,23/09/2022,30/09/2022,11/10/2022,183,No
2021,Wealth Management Digitalization,SDA-35525,Onboarding Digital para Clientes de Banca Privada,CIB,Foco en Captación 2021,No,Iterativo/Incremental,Ongoing,Sí,Pendiente a entrega,2779000,Media,Sí,6,03/05/2021,,,,,
2021,Global Markets Platform,SDA-37663,Plataforma de Divisas para Empresas,CIB,Crecimiento en Banca Empresas,No,Iterativo/Incremental,Finalizado,Sí,Entrega completa,1270400,Media,Sí,1,05/04/2021,17/09/2021,24/09/2021,05/10/2021,183,Sí
2020,Risk Processes Transformation,SDA-22482,Validación de Identidad con Biometría Facial,CCS,Impulso Digital Perú 2020,Sí,Iterativo/Incremental,Finalizado,Sí,Entrega completa,2580500,Alta,Sí,2,10/02/2020,24/07/2020,31/07/2020,11/08/2020,183,No
2021,Open Banking Initiative,SDA-35528,Portal para Desarrolladores (Developer Portal),ENG,Impulso Digital Perú 2021,Sí,Secuencial,Ongoing,Sí,Pendiente a entrega,3771500,Alta,Sí,4,02/08/2021,,,,,
2019,Client Solutions & Digital Channels,SDA-12481,Mejora en Experiencia de Usuario (UX) de Web,CCS,Foco en Captación 2019,Sí,Iterativo/Incremental,Finalizado,Sí,Entrega completa,794000,Media,Sí,8,15/04/2019,27/09/2019,04/10/2019,15/10/2019,183,No
2024,NFR Management Infraestructure,SDA-61938,Plan de Recuperación ante Desastres (DRP),GRM,Renovación Tecnológica,Sí,Secuencial,Finalizado,No,Entrega completa,1389500,Media,Sí,5,15/01/2024,28/06/2024,05/07/2024,15/07/2024,182,No
2023,Cloud Adoption & DevOps,SDA-57235,Automatización de Pruebas de Rendimiento,ENG,Renovación Tecnológica,No,Secuencial,Finalizado,Sí,Entrega completa,1111600,Media,Sí,2,03/04/2023,15/09/2023,22/09/2023,02/10/2023,182,No
2019,Cybersecurity Framework,SDA-11238,Adecuación a Nueva Ley de Ciberseguridad,GRM,Crecimiento en Banca Empresas,Sí,Secuencial,Finalizado,No,Entrega completa,992500,Media,Sí,2,04/02/2019,15/07/2019,22/07/2019,01/08/2019,178,No
2022,Advanced Analytics & AI Models,SDA-55438,Segmentación Avanzada de Clientes,ENG,Impulso Digital Perú 2022,Sí,Iterativo/Incremental,Finalizado,Sí,Entrega completa,1032200,Media,Sí,4,04/04/2022,12/09/2022,19/09/2022,28/09/2022,177,No
2023,Digital Payments Evolution,SDA-58755,Pagos a través de Redes Sociales,CCS,Foco en Captación 2023,No,Iterativo/Incremental,Finalizado,Sí,Entrega completa,1111600,Media,Sí,7,11/09/2023,16/02/2024,23/02/2024,05/03/2024,176,No
2022,NFR Management Infraestructure,SDA-48124,Renovación de Equipos de Cómputo,T&C,Renovación Tecnológica,No,Secuencial,Finalizado,No,Entrega completa,7940000,Baja,Sí,7,17/01/2022,24/06/2022,01/07/2022,12/07/2022,176,Sí
2022,Digital Payments Evolution,SDA-47234,Transferencias Internacionales para Personas,CCS,Impulso Digital Perú 2022,No,Iterativo/Incremental,Finalizado,Sí,Entrega completa,1389500,Media,Sí,5,20/06/2022,25/11/2022,02/12/2022,13/12/2022,176,No
2021,Cloud Adoption & DevOps,SDA-31935,Pipeline CI/CD para Desarrollo,ENG,Renovación Tecnológica,No,Secuencial,Finalizado,Sí,Entrega completa,1091750,Media,Sí,3,19/04/2021,24/09/2021,01/10/2021,12/10/2021,176,No
2020,Cloud Adoption & DevOps,SDA-29140,Plataforma de Contenedores (Kubernetes),ENG,Renovación Tecnológica,No,Secuencial,Finalizado,Sí,Entrega completa,1270400,Alta,No,0,17/02/2020,24/07/2020,31/07/2020,11/08/2020,176,No
2020,Risk Processes Transformation,SDA-24732,Automatización de Reportes Regulatorios,FIN,Eficiencia y Sostenibilidad,No,Secuencial,Finalizado,Sí,Entrega completa,873400,Media,Sí,5,13/01/2020,19/06/2020,26/06/2020,07/07/2020,176,No
2024,Client Solutions & Digital Channels,SDA-68126,Agendamiento de Citas en Sucursales,CCS,Foco en Captación 2024,No,Iterativo/Incremental,Finalizado,Sí,Entrega completa,635200,Baja,Sí,7,06/05/2024,11/10/2024,18/10/2024,28/10/2024,175,No
2023,Cloud Adoption & DevOps,SDA-57665,Estrategia Multicloud,ENG,Renovación Tecnológica,No,Secuencial,Finalizado,No,Entrega completa,595500,Baja,Sí,6,08/05/2023,13/10/2023,20/10/2023,30/10/2023,175,No
2023,NFR Management Infraestructure,SDA-56575,Renovación de Switches Core de Red,ENG,Renovación Tecnológica,No,Secuencial,Finalizado,Sí,Entrega completa,3176000,Alta,Sí,5,13/03/2023,18/08/2023,25/08/2023,04/09/2023,175,No
2023,Core Banking Modernization,SDA-50972,Centralización de Firmas y Poderes,T&C,Eficiencia y Sostenibilidad,No,Secuencial,Finalizado,Sí,Entrega completa,1508600,Media,Sí,4,02/05/2023,06/10/2023,13/10/2023,24/10/2023,175,No
2023,Wealth Management Digitalization,SDA-40555,Firma Digital para Contratos de Inversión,CIB,Impulso Digital Perú 2023,No,Iterativo/Incremental,Finalizado,Sí,Entrega completa,1151300,Baja,Sí,4,22/05/2023,27/10/2023,03/11/2023,13/11/2023,175,Sí
2021,NFR Management Infraestructure,SDA-84321,Consultoría de Riesgos de Competencia,RIC,Foco en Captación 2021,Sí,Secuencial,Finalizado,No,Entrega completa,337450,Media,Sí,7,11/01/2021,14/06/2021,22/06/2021,01/07/2021,171,No
2024,Sustaninability TBBs,SDA-41002,Lanzamiento de Hipotecas Verdes (Green Mortgages),T&C,Eficiencia y Sostenibilidad,No,Iterativo/Incremental,Finalizado,No,Entrega completa,714600,Baja,Sí,2,11/03/2024,09/08/2024,19/08/2024,28/08/2024,170,No
2022,Client Solutions & Digital Channels,SDA-43644,Gestor de Finanzas Personales (PFM),CCS,Foco en Captación 2022,Sí,Iterativo/Incremental,Finalizado,Sí,Entrega completa,1508600,Media,Sí,6,18/07/2022,16/12/2022,23/12/2022,04/01/2023,170,No
2022,Sustaninability TBBs,SDA-42484,Reporte de Inversiones ESG para Clientes,CIB,Eficiencia y Sostenibilidad,No,Iterativo/Incremental,Finalizado,No,Entrega completa,635200,Baja,Sí,5,13/06/2022,14/11/2022,21/11/2022,30/11/2022,170,No
2023,NFR Management Infraestructure,SDA-50211,Gestor Documental Centralizado,T&C,Eficiencia y Sostenibilidad,No,Iterativo/Incremental,Finalizado,Sí,Entrega completa,635200,Baja,Sí,4,10/07/2023,08/12/2023,15/12/2023,26/12/2023,169,No
2023,Sustaninability TBBs,SDA-50214,Evaluación de Riesgo Climático en Cartera,RIC,Eficiencia y Sostenibilidad,Sí,Secuencial,Finalizado,Sí,Entrega completa,1270400,Alta,Sí,4,09/01/2023,09/06/2023,16/06/2023,27/06/2023,169,No
2023,Advanced Analytics & AI Models,SDA-58125,Análisis de Canales de Venta Más Efectivos,ENG,Impulso Digital Perú 2023,No,Iterativo/Incremental,Finalizado,Sí,Entrega completa,833700,Media,Sí,3,24/04/2023,22/09/2023,29/09/2023,10/10/2023,169,No
2021,Global Markets Platform,SDA-38201,Integración con Mercados de Deuda,CIB,Crecimiento en Banca Empresas,No,Iterativo/Incremental,Finalizado,Sí,Entrega completa,1111600,Media,Sí,6,15/03/2021,13/08/2021,20/08/2021,31/08/2021,169,No
2021,Client Solutions & Digital Channels,SDA-31393,Programa de Lealtad y Recompensas,CCS,Foco en Captación 2021,Sí,Iterativo/Incremental,Finalizado,Sí,Entrega completa,1270400,Baja,Sí,1,12/07/2021,10/12/2021,17/12/2021,28/12/2021,169,No
2021,Advanced Analytics & AI Models,SDA-34942,Análisis de Fugas en el Embudo de Ventas Digital,CCS,Impulso Digital Perú 2021,Sí,Iterativo/Incremental,Finalizado,Sí,Entrega completa,952800,Media,Sí,6,29/03/2021,27/08/2021,03/09/2021,14/09/2021,169,No
2021,Sustaninability TBBs,SDA-33152,Factoring Verde,CIB,Eficiencia y Sostenibilidad,No,Iterativo/Incremental,Finalizado,No,Entrega completa,595500,Baja,Sí,5,26/04/2021,24/09/2021,01/10/2021,12/10/2021,169,No
2024,Data Governance Initiative,SDA-65810,Catálogo de Datos Unificado (Data Catalog),ENG,Eficiencia y Sostenibilidad,No,Iterativo/Incremental,Finalizado,Sí,Entrega completa,952800,Media,Sí,5,19/02/2024,19/07/2024,26/07/2024,05/08/2024,168,No
2020,Regulatory & Compliance Tech,SDA-52234,Sistema de Prevención de Fraude Interno,GRM,Renovación Tecnológica,Sí,Iterativo/Incremental,Ongoing,Sí,Pendiente a entrega,2858400,Media,Sí,1,06/04/2020,,,,,
2024,Cloud Adoption & DevOps,SDA-63646,Adopción de Infraestructura como Código (IaC),ENG,Renovación Tecnológica,No,Secuencial,Finalizado,Sí,Entrega completa,1032200,Media,No,0,26/02/2024,26/07/2024,02/08/2024,12/08/2024,168,No
2024,Advanced Analytics & AI Models,SDA-66576,Chatbot Interno para Consultas de IT,T&C,Eficiencia y Sostenibilidad,No,Iterativo/Incremental,Finalizado,Sí,Entrega completa,714600,Baja,No,0,12/02/2024,12/07/2024,19/07/2024,29/07/2024,168,No
2024,Sustaninability TBBs,SDA-67236,Clasificación de Actividades Sostenibles (Taxonomía),RIC,Eficiencia y Sostenibilidad,Sí,Secuencial,Finalizado,Sí,Entrega completa,794000,Media,Sí,1,29/01/2024,28/06/2024,05/07/2024,15/07/2024,168,No
2023,Cybersecurity Framework,SDA-54735,Plataforma de Concientización en Seguridad,GRM,Crecimiento en Banca Empresas,No,Iterativo/Incremental,Finalizado,No,Entrega completa,436700,Baja,No,0,17/04/2023,15/09/2023,22/09/2023,02/10/2023,168,No
2020,Client Data Platform,SDA-52239,Plataforma de Calidad de Datos (DQM),ENG,Eficiencia y Sostenibilidad,No,Secuencial,Ongoing,Sí,Pendiente a entrega,3573000,Alta,Sí,6,24/08/2020,,,,,
2022,Cybersecurity Framework,SDA-46574,Ethical Hacking Continuo,GRM,Renovación Tecnológica,Sí,Secuencial,Finalizado,No,Entrega completa,1111600,Media,Sí,7,21/02/2022,22/07/2022,29/07/2022,08/08/2022,168,No
2022,Cloud Adoption & DevOps,SDA-40213,Landing Zone en Azure,ENG,Renovación Tecnológica,No,Secuencial,Finalizado,Sí,Entrega completa,2183500,Media,Sí,4,10/01/2022,10/06/2022,17/06/2022,27/06/2022,168,No
2022,Client Solutions & Digital Channels,SDA-44943,Plataforma de Beneficios y Descuentos,T&C,Foco en Captación 2022,No,Iterativo/Incremental,Finalizado,Sí,Entrega completa,1191000,Baja,Sí,2,28/02/2022,29/07/2022,05/08/2022,15/08/2022,168,No
2020,NGA & Differential Analytics,SDA-21392,Análisis de Causa Raíz de Reclamos,CCS,Eficiencia y Sostenibilidad,No,Iterativo/Incremental,Finalizado,Sí,Entrega completa,714600,Media,No,0,15/06/2020,13/11/2020,20/11/2020,30/11/2020,168,No
2020,Data Governance Initiative,SDA-27232,Diccionario de Datos Institucional,ENG,Eficiencia y Sostenibilidad,No,Secuencial,Finalizado,Sí,Entrega completa,873400,Baja,Sí,1,10/02/2020,10/07/2020,17/07/2020,27/07/2020,168,No
2019,Data Governance Initiative,SDA-10482,Creación del Data Lake Corporativo,ENG,Renovación Tecnológica,Sí,Secuencial,Ongoing,Sí,Pendiente a entrega,5955000,Alta,Sí,8,06/05/2019,,,,,
2023,Sustaninability TBBs,SDA-67319,Reporte de Sostenibilidad Automatizado,FIN,Eficiencia y Sostenibilidad,No,Secuencial,Finalizado,Sí,Entrega completa,436700,Media,Sí,8,27/03/2023,21/08/2023,28/08/2023,06/09/2023,163,No
2025,Client Solutions & Digital Channels,SDA-74601,Programa de Referidos Digital,CCS,Foco en Captación 2025,No,Iterativo/Incremental,Finalizado,Sí,Entrega completa,595500,Baja,Sí,3,03/02/2025,27/06/2025,04/07/2025,15/07/2025,162,No
2023,Client Solutions & Digital Channels,SDA-59881,Comparador de Productos Financieros,T&C,Foco en Captación 2023,No,Iterativo/Incremental,Finalizado,Sí,Entrega completa,754300,Baja,Sí,3,05/06/2023,27/10/2023,03/11/2023,14/11/2023,162,No
2019,Core Banking Modernization,SDA-18751,Digitalización de Legajos de Clientes,T&C,Eficiencia y Sostenibilidad,No,Secuencial,Ongoing,Sí,Pendiente a entrega,2580500,Media,Sí,1,13/05/2019,,,,,
2019,Sustaninability TBBs,SDA-15821,Línea de Crédito para Energías Renovables,CIB,Eficiencia y Sostenibilidad,No,Iterativo/Incremental,Finalizado,No,Entrega completa,516100,Baja,Sí,2,01/04/2019,23/08/2019,30/08/2019,10/09/2019,162,No
2024,Data Governance Initiative,SDA-23871,Cubo de ingresos y gastos financieros,FIN,Eficiencia y Sostenibilidad,No,Secuencial,Finalizado,Sí,Entrega completa,1230700,Alta,Sí,4,03/09/2024,22/01/2025,30/01/2025,11/02/2025,161,No
2022,Client Solutions & Digital Channels,SDA-19875,Pago automático (Domiciliaciones),CCS,Foco en Captación 2022,Sí,Iterativo/Incremental,Finalizado,Sí,Entrega completa,615350,Media,Sí,2,21/06/2022,10/11/2022,18/11/2022,28/11/2022,160,No
2020,Digital Payments Evolution,SDA-48219,Habilitación de Pagos con QR,CCS,Foco en Captación 2020,Sí,Iterativo/Incremental,Finalizado,Sí,Entrega completa,714600,Baja,No,0,01/06/2020,16/10/2020,23/10/2020,03/11/2020,155,No
2021,Advanced Analytics & AI Models,SDA-33643,Optimización de Campañas de Marketing,ENG,Impulso Digital Perú 2021,Sí,Iterativo/Incremental,Finalizado,Sí,Entrega completa,913100,Media,Sí,1,22/03/2021,06/08/2021,13/08/2021,23/08/2021,154,No
2021,Sustaninability TBBs,SDA-38753,Producto de Ahorro con Fin Social,T&C,Crecimiento en Banca Empresas,No,Iterativo/Incremental,Finalizado,No,Entrega completa,476400,Baja,Sí,2,08/03/2021,23/07/2021,30/07/2021,09/08/2021,154,No
2021,Data Governance Initiative,SDA-30212,Glosario de Negocio Unificado,ENG,Eficiencia y Sostenibilidad,No,Secuencial,Finalizado,Sí,Entrega completa,714600,Baja,No,0,01/02/2021,18/06/2021,25/06/2021,05/07/2021,154,No
2024,Cybersecurity Framework,SDA-60312,Implementación de Doble Factor de Autenticación,GRM,Crecimiento en Banca Empresas,Sí,Secuencial,Finalizado,Sí,Entrega completa,873400,Media,No,0,05/02/2024,17/06/2024,24/06/2024,03/07/2024,149,No
2022,Data Governance Initiative,SDA-42062,Enmascaramiento de Datos en Entornos no Productivos,GRM,Renovación Tecnológica,Sí,Secuencial,Finalizado,Sí,Entrega completa,1270400,Media,No,0,10/01/2022,20/05/2022,27/05/2022,07/06/2022,148,No
2022,NGA & Differential Analytics,SDA-40971,Modelo de Abandono de Carrito en Canales Digitales,CCS,Impulso Digital Perú 2022,Sí,Iterativo/Incremental,Finalizado,Sí,Entrega completa,913100,Media,No,0,07/02/2022,17/06/2022,24/06/2022,04/07/2022,147,No
2019,Regulatory & Compliance Tech,SDA-74444,Módulo de Auditoría Continua,GRM,Renovación Tecnológica,Sí,Secuencial,Ongoing,Sí,Pendiente a entrega,2183500,Media,No,0,15/04/2019,,,,,
2020,Sustaninability TBBs,SDA-21934,Medición de Huella de Carbono,GRM,Eficiencia y Sostenibilidad,No,Secuencial,Finalizado,No,Entrega completa,357300,Baja,Sí,7,09/03/2020,17/07/2020,24/07/2020,03/08/2020,147,Sí
2021,NGA & Differential Analytics,SDA-34733,Análisis de Sentimiento en Redes Sociales,ENG,Impulso Digital Perú 2021,No,Iterativo/Incremental,Finalizado,Sí,Entrega completa,595500,Baja,No,0,25/01/2021,28/05/2021,04/06/2021,15/06/2021,141,No
2019,Cloud Adoption & DevOps,SDA-74447,Plataforma de Serverless Computing,ENG,Renovación Tecnológica,No,Iterativo/Incremental,Ongoing,Sí,Pendiente a entrega,2382000,Alta,Sí,8,08/07/2019,,,,,
2021,Client Solutions & Digital Channels,SDA-47125,Seguro de vida,T&C,Crecimiento en Banca Empresas,Sí,Iterativo/Incremental,Finalizado,No,Entrega completa,377150,Baja,No,0,18/08/2021,20/12/2021,27/12/2021,05/01/2022,140,No
2024,Cybersecurity Framework,SDA-60215,Pruebas de Intrusión a Banca Móvil,GRM,Renovación Tecnológica,Sí,Secuencial,Finalizado,No,Entrega completa,595500,Media,Sí,2,29/01/2024,24/05/2024,31/05/2024,10/06/2024,133,No
2021,NFR Management Infraestructure,SDA-33821,Política de Retención de Datos,GRM,Crecimiento en Banca Empresas,No,Secuencial,Finalizado,No,Entrega completa,297750,Baja,No,0,08/02/2021,31/05/2021,07/06/2021,16/06/2021,128,Sí
